{"nm":"Comp 1","ddd":0,"h":256,"w":256,"meta":{"g":"@lottiefiles/toolkit-js 0.26.1"},"layers":[{"ty":0,"nm":"run","sr":1,"st":72,"op":90,"ip":72,"hd":false,"ddd":0,"bm":0,"hasMask":false,"ao":0,"ks":{"a":{"a":0,"k":[80,80,0],"ix":1},"s":{"a":0,"k":[100,100,100],"ix":6},"sk":{"a":0,"k":0},"p":{"a":0,"k":[128,144,0],"ix":2},"r":{"a":0,"k":0,"ix":10},"sa":{"a":0,"k":0},"o":{"a":0,"k":100,"ix":11}},"ef":[{"ty":0,"mn":"ADBE Tint","nm":"Tint","ix":1,"en":1,"ef":[{"ty":2,"mn":"ADBE Tint-0001","nm":"Map Black To","ix":1,"v":{"a":0,"k":[0.949,0.4745,0.2078],"ix":1}},{"ty":2,"mn":"ADBE Tint-0002","nm":"Map White To","ix":2,"v":{"a":0,"k":[0.949,0.4745,0.2078],"ix":2}},{"ty":0,"mn":"ADBE Tint-0003","nm":"Amount to Tint","ix":3,"v":{"a":0,"k":100,"ix":3}},{"ty":6,"mn":"ADBE Tint-0004","nm":"","ix":4,"v":0}]}],"w":160,"h":160,"refId":"comp_0","ind":1},{"ty":0,"nm":"run","sr":1,"st":54,"op":72,"ip":54,"hd":false,"ddd":0,"bm":0,"hasMask":false,"ao":0,"ks":{"a":{"a":0,"k":[80,80,0],"ix":1},"s":{"a":0,"k":[100,100,100],"ix":6},"sk":{"a":0,"k":0},"p":{"a":0,"k":[128,144,0],"ix":2},"r":{"a":0,"k":0,"ix":10},"sa":{"a":0,"k":0},"o":{"a":0,"k":100,"ix":11}},"ef":[{"ty":0,"mn":"ADBE Tint","nm":"Tint","ix":1,"en":1,"ef":[{"ty":2,"mn":"ADBE Tint-0001","nm":"Map Black To","ix":1,"v":{"a":0,"k":[0.949,0.4745,0.2078],"ix":1}},{"ty":2,"mn":"ADBE Tint-0002","nm":"Map White To","ix":2,"v":{"a":0,"k":[0.949,0.4745,0.2078],"ix":2}},{"ty":0,"mn":"ADBE Tint-0003","nm":"Amount to Tint","ix":3,"v":{"a":0,"k":100,"ix":3}},{"ty":6,"mn":"ADBE Tint-0004","nm":"","ix":4,"v":0}]}],"w":160,"h":160,"refId":"comp_0","ind":2},{"ty":0,"nm":"run","sr":1,"st":36,"op":54,"ip":36,"hd":false,"ddd":0,"bm":0,"hasMask":false,"ao":0,"ks":{"a":{"a":0,"k":[80,80,0],"ix":1},"s":{"a":0,"k":[100,100,100],"ix":6},"sk":{"a":0,"k":0},"p":{"a":0,"k":[128,144,0],"ix":2},"r":{"a":0,"k":0,"ix":10},"sa":{"a":0,"k":0},"o":{"a":0,"k":100,"ix":11}},"ef":[{"ty":0,"mn":"ADBE Tint","nm":"Tint","ix":1,"en":1,"ef":[{"ty":2,"mn":"ADBE Tint-0001","nm":"Map Black To","ix":1,"v":{"a":0,"k":[0.949,0.4745,0.2078],"ix":1}},{"ty":2,"mn":"ADBE Tint-0002","nm":"Map White To","ix":2,"v":{"a":0,"k":[0.949,0.4745,0.2078],"ix":2}},{"ty":0,"mn":"ADBE Tint-0003","nm":"Amount to Tint","ix":3,"v":{"a":0,"k":100,"ix":3}},{"ty":6,"mn":"ADBE Tint-0004","nm":"","ix":4,"v":0}]}],"w":160,"h":160,"refId":"comp_0","ind":3},{"ty":0,"nm":"run","sr":1,"st":18,"op":36,"ip":18,"hd":false,"ddd":0,"bm":0,"hasMask":false,"ao":0,"ks":{"a":{"a":0,"k":[80,80,0],"ix":1},"s":{"a":0,"k":[100,100,100],"ix":6},"sk":{"a":0,"k":0},"p":{"a":0,"k":[128,144,0],"ix":2},"r":{"a":0,"k":0,"ix":10},"sa":{"a":0,"k":0},"o":{"a":0,"k":100,"ix":11}},"ef":[{"ty":0,"mn":"ADBE Tint","nm":"Tint","ix":1,"en":1,"ef":[{"ty":2,"mn":"ADBE Tint-0001","nm":"Map Black To","ix":1,"v":{"a":0,"k":[0.949,0.4745,0.2078],"ix":1}},{"ty":2,"mn":"ADBE Tint-0002","nm":"Map White To","ix":2,"v":{"a":0,"k":[0.949,0.4745,0.2078],"ix":2}},{"ty":0,"mn":"ADBE Tint-0003","nm":"Amount to Tint","ix":3,"v":{"a":0,"k":100,"ix":3}},{"ty":6,"mn":"ADBE Tint-0004","nm":"","ix":4,"v":0}]}],"w":160,"h":160,"refId":"comp_0","ind":4},{"ty":0,"nm":"run","sr":1,"st":0,"op":18,"ip":0,"hd":false,"ddd":0,"bm":0,"hasMask":false,"ao":0,"ks":{"a":{"a":0,"k":[80,80,0],"ix":1},"s":{"a":0,"k":[100,100,100],"ix":6},"sk":{"a":0,"k":0},"p":{"a":0,"k":[128,144,0],"ix":2},"r":{"a":0,"k":0,"ix":10},"sa":{"a":0,"k":0},"o":{"a":0,"k":100,"ix":11}},"ef":[{"ty":0,"mn":"ADBE Tint","nm":"Tint","ix":1,"en":1,"ef":[{"ty":2,"mn":"ADBE Tint-0001","nm":"Map Black To","ix":1,"v":{"a":0,"k":[0.949,0.4745,0.2078],"ix":1}},{"ty":2,"mn":"ADBE Tint-0002","nm":"Map White To","ix":2,"v":{"a":0,"k":[0.949,0.4745,0.2078],"ix":2}},{"ty":0,"mn":"ADBE Tint-0003","nm":"Amount to Tint","ix":3,"v":{"a":0,"k":100,"ix":3}},{"ty":6,"mn":"ADBE Tint-0004","nm":"","ix":4,"v":0}]}],"w":160,"h":160,"refId":"comp_0","ind":5}],"v":"5.4.3","fr":30,"op":90,"ip":0,"assets":[{"nm":"","id":"comp_0","layers":[{"ty":0,"nm":"run_source_02","sr":1,"st":0,"op":18,"ip":0,"hd":false,"ddd":0,"bm":0,"hasMask":false,"ao":0,"ks":{"a":{"a":0,"k":[80,80,0],"ix":1},"s":{"a":0,"k":[100,100,100],"ix":6},"sk":{"a":0,"k":0},"p":{"a":0,"k":[80,80,0],"ix":2},"r":{"a":0,"k":0,"ix":10},"sa":{"a":0,"k":0},"o":{"a":0,"k":100,"ix":11}},"ef":[],"w":160,"h":160,"refId":"comp_1","ind":1},{"ty":0,"nm":"run_source_03","sr":1,"st":0,"op":18,"ip":0,"hd":false,"ddd":0,"bm":0,"hasMask":false,"ao":0,"ks":{"a":{"a":0,"k":[80,80,0],"ix":1},"s":{"a":0,"k":[100,100,100],"ix":6},"sk":{"a":0,"k":0},"p":{"a":0,"k":[80,80,0],"ix":2},"r":{"a":0,"k":0,"ix":10},"sa":{"a":0,"k":0},"o":{"a":0,"k":98,"ix":11}},"ef":[],"w":160,"h":160,"refId":"comp_2","ind":2}]},{"nm":"","id":"comp_1","layers":[{"ty":4,"nm":"arm_01","sr":1,"st":0,"op":18,"ip":0,"hd":false,"ddd":0,"bm":0,"hasMask":false,"ao":0,"ks":{"a":{"a":0,"k":[10,0,0],"ix":1},"s":{"a":0,"k":[100,100,100],"ix":6},"sk":{"a":0,"k":0},"p":{"a":1,"k":[{"o":{"x":0.167,"y":0.167},"i":{"x":0.833,"y":0.833},"s":[66.5,68.25,0],"t":0,"ti":[1.45833337306976,3.66666674613953,0],"to":[-1.45833337306976,-2.625,0]},{"o":{"x":0.167,"y":0.167},"i":{"x":0.833,"y":0.833},"s":[57.75,52.5,0],"t":2,"ti":[-0.625,-0.79166668653488,0],"to":[-1.45833337306976,-3.66666674613953,0]},{"o":{"x":0.167,"y":0.167},"i":{"x":0.833,"y":0.833},"s":[57.75,46.25,0],"t":4,"ti":[-2.375,-4.20833349227905,0],"to":[0.625,0.79166668653488,0]},{"o":{"x":0.167,"y":0.167},"i":{"x":0.833,"y":0.833},"s":[61.5,57.25,0],"t":6,"ti":[-5.04166650772095,-2.625,0],"to":[2.375,4.20833349227905,0]},{"o":{"x":0.167,"y":0.167},"i":{"x":0.833,"y":0.833},"s":[72,71.5,0],"t":8,"ti":[-5.875,1,0],"to":[5.04166650772095,2.625,0]},{"o":{"x":0.167,"y":0.167},"i":{"x":0.833,"y":0.833},"s":[91.75,73,0],"t":10,"ti":[-2.875,2.08333325386047,0],"to":[5.875,-1,0]},{"o":{"x":0.167,"y":0.167},"i":{"x":0.833,"y":0.833},"s":[107.25,65.5,0],"t":12,"ti":[1.83333337306976,-1,0],"to":[2.875,-2.08333325386047,0]},{"o":{"x":0.167,"y":0.167},"i":{"x":0.833,"y":0.833},"s":[109,60.5,0],"t":14,"ti":[7.08333349227905,-1.29166662693024,0],"to":[-1.83333337306976,1,0]},{"o":{"x":0.167,"y":0.167},"i":{"x":0.833,"y":0.833},"s":[96.25,71.5,0],"t":16,"ti":[4.95833349227905,0.54166668653488,0],"to":[-7.08333349227905,1.29166662693024,0]},{"s":[66.5,68.25,0],"t":18}],"ix":2},"r":{"a":1,"k":[{"o":{"x":0.167,"y":0.167},"i":{"x":0.833,"y":0.833},"s":[-148],"t":0},{"o":{"x":0.167,"y":0.167},"i":{"x":0.833,"y":0.833},"s":[-71],"t":2},{"o":{"x":0.167,"y":0.167},"i":{"x":0.833,"y":0.833},"s":[-86],"t":4},{"o":{"x":0.167,"y":0.167},"i":{"x":0.833,"y":0.833},"s":[-121],"t":6},{"o":{"x":0.167,"y":0.167},"i":{"x":0.833,"y":0.833},"s":[-153],"t":8},{"o":{"x":0.167,"y":0.167},"i":{"x":0.833,"y":0.833},"s":[-191],"t":10},{"o":{"x":0.167,"y":0.167},"i":{"x":0.833,"y":0.833},"s":[-216],"t":12},{"o":{"x":0.167,"y":0.167},"i":{"x":0.833,"y":0.833},"s":[-229],"t":14},{"o":{"x":0.167,"y":0.167},"i":{"x":0.833,"y":0.833},"s":[-223],"t":16},{"s":[-148],"t":18}],"ix":10},"sa":{"a":0,"k":0},"o":{"a":0,"k":100,"ix":11}},"ef":[],"shapes":[{"ty":"gr","bm":0,"hd":false,"mn":"ADBE Vector Group","nm":"Rectangle 1","ix":1,"cix":2,"np":2,"it":[{"ty":"rc","bm":0,"hd":false,"mn":"ADBE Vector Shape - Rect","nm":"Rectangle Path 1","d":1,"p":{"a":0,"k":[0,0],"ix":3},"r":{"a":0,"k":165,"ix":4},"s":{"a":0,"k":[28,8],"ix":2}},{"ty":"fl","bm":0,"hd":false,"mn":"ADBE Vector Graphic - Fill","nm":"Fill 1","c":{"a":0,"k":[0.851,0.0549,0.0549],"ix":4},"r":1,"o":{"a":0,"k":100,"ix":5}},{"ty":"tr","a":{"a":0,"k":[0,0],"ix":1},"s":{"a":0,"k":[100,100],"ix":3},"sk":{"a":0,"k":0,"ix":4},"p":{"a":0,"k":[0,0],"ix":2},"r":{"a":0,"k":0,"ix":6},"sa":{"a":0,"k":0,"ix":5},"o":{"a":0,"k":100,"ix":7}}]}],"ind":1},{"ty":4,"nm":"arm_00","sr":1,"st":0,"op":18,"ip":0,"hd":false,"ddd":0,"bm":0,"hasMask":false,"ao":0,"ks":{"a":{"a":0,"k":[12,0,0],"ix":1},"s":{"a":0,"k":[100,100,100],"ix":6},"sk":{"a":0,"k":0},"p":{"a":1,"k":[{"o":{"x":0.167,"y":0.167},"i":{"x":0.833,"y":0.833},"s":[79,47,0],"t":0,"ti":[-0.5,0.20833332836628,0],"to":[0.5,-0.20833332836628,0]},{"o":{"x":0.167,"y":0.167},"i":{"x":0.833,"y":0.833},"s":[82,45.75,0],"t":2,"ti":[0,0,0],"to":[0,0,0]},{"o":{"x":0.167,"y":0.167},"i":{"x":0.833,"y":0.833},"s":[82,45.75,0],"t":4,"ti":[0.20833332836628,-0.625,0],"to":[0,-0.20833332836628,0]},{"o":{"x":0.167,"y":0.167},"i":{"x":0.833,"y":0.833},"s":[82,44.5,0],"t":6,"ti":[-1.29166662693024,-0.75,0],"to":[-0.20833332836628,0.625,0]},{"o":{"x":0.167,"y":0.167},"i":{"x":0.833,"y":0.833},"s":[80.75,49.5,0],"t":8,"ti":[-1.5,0.08333333581686,0],"to":[1.29166662693024,0.75,0]},{"o":{"x":0.167,"y":0.167},"i":{"x":0.833,"y":0.833},"s":[89.75,49,0],"t":10,"ti":[0,0,0],"to":[0,0,0]},{"o":{"x":0.167,"y":0.167},"i":{"x":0.833,"y":0.833},"s":[89.75,49,0],"t":12,"ti":[0.04166666790843,0.125,0],"to":[-0.04166666790843,-0.33333334326744,0]},{"o":{"x":0.167,"y":0.167},"i":{"x":0.833,"y":0.833},"s":[89.5,47,0],"t":14,"ti":[1.75,0,0],"to":[-0.04166666790843,-0.125,0]},{"o":{"x":0.167,"y":0.167},"i":{"x":0.833,"y":0.833},"s":[89.5,48.25,0],"t":16,"ti":[1.75,0.20833332836628,0],"to":[-1.75,0,0]},{"s":[79,47,0],"t":18}],"ix":2},"r":{"a":1,"k":[{"o":{"x":0.167,"y":0.167},"i":{"x":0.833,"y":0.833},"s":[-58],"t":0},{"o":{"x":0.167,"y":0.167},"i":{"x":0.833,"y":0.833},"s":[-15],"t":2},{"o":{"x":0.167,"y":0.167},"i":{"x":0.833,"y":0.833},"s":[0],"t":4},{"o":{"x":0.167,"y":0.167},"i":{"x":0.833,"y":0.833},"s":[-31],"t":6},{"o":{"x":0.167,"y":0.167},"i":{"x":0.833,"y":0.833},"s":[-69],"t":8},{"o":{"x":0.167,"y":0.167},"i":{"x":0.833,"y":0.833},"s":[-95],"t":10},{"o":{"x":0.167,"y":0.167},"i":{"x":0.833,"y":0.833},"s":[-137],"t":12},{"o":{"x":0.167,"y":0.167},"i":{"x":0.833,"y":0.833},"s":[-145],"t":14},{"o":{"x":0.167,"y":0.167},"i":{"x":0.833,"y":0.833},"s":[-105],"t":16},{"s":[-58],"t":18}],"ix":10},"sa":{"a":0,"k":0},"o":{"a":0,"k":100,"ix":11}},"ef":[],"shapes":[{"ty":"gr","bm":0,"hd":false,"mn":"ADBE Vector Group","nm":"Rectangle 1","ix":1,"cix":2,"np":2,"it":[{"ty":"rc","bm":0,"hd":false,"mn":"ADBE Vector Shape - Rect","nm":"Rectangle Path 1","d":1,"p":{"a":0,"k":[0,0],"ix":3},"r":{"a":0,"k":165,"ix":4},"s":{"a":0,"k":[32,8],"ix":2}},{"ty":"fl","bm":0,"hd":false,"mn":"ADBE Vector Graphic - Fill","nm":"Fill 1","c":{"a":0,"k":[0.851,0.0549,0.0549],"ix":4},"r":1,"o":{"a":0,"k":100,"ix":5}},{"ty":"tr","a":{"a":0,"k":[0,0],"ix":1},"s":{"a":0,"k":[100,100],"ix":3},"sk":{"a":0,"k":0,"ix":4},"p":{"a":0,"k":[0,0],"ix":2},"r":{"a":0,"k":0,"ix":6},"sa":{"a":0,"k":0,"ix":5},"o":{"a":0,"k":100,"ix":7}}]}],"ind":2},{"ty":4,"nm":"body","sr":1,"st":0,"op":18,"ip":0,"hd":false,"ddd":0,"bm":0,"hasMask":false,"ao":0,"ks":{"a":{"a":0,"k":[-13,0,0],"ix":1},"s":{"a":0,"k":[100,100,100],"ix":6},"sk":{"a":0,"k":0},"p":{"a":0,"k":[84,51.75,0],"ix":2},"r":{"a":1,"k":[{"o":{"x":0.167,"y":0.167},"i":{"x":0.833,"y":0.833},"s":[-255],"t":0},{"o":{"x":0.167,"y":0.167},"i":{"x":0.833,"y":0.833},"s":[-253],"t":2},{"o":{"x":0.167,"y":0.167},"i":{"x":0.833,"y":0.833},"s":[-253],"t":4},{"o":{"x":0.167,"y":0.167},"i":{"x":0.833,"y":0.833},"s":[-257],"t":6},{"o":{"x":0.167,"y":0.167},"i":{"x":0.833,"y":0.833},"s":[-257],"t":8},{"o":{"x":0.167,"y":0.167},"i":{"x":0.833,"y":0.833},"s":[-253],"t":10},{"o":{"x":0.167,"y":0.167},"i":{"x":0.833,"y":0.833},"s":[-253],"t":12.667},{"s":[-257],"t":15.3330078125}],"ix":10},"sa":{"a":0,"k":0},"o":{"a":0,"k":100,"ix":11}},"ef":[],"shapes":[{"ty":"gr","bm":0,"hd":false,"mn":"ADBE Vector Group","nm":"Rectangle 1","ix":1,"cix":2,"np":2,"it":[{"ty":"rc","bm":0,"hd":false,"mn":"ADBE Vector Shape - Rect","nm":"Rectangle Path 1","d":1,"p":{"a":0,"k":[0,0],"ix":3},"r":{"a":0,"k":165,"ix":4},"s":{"a":0,"k":[48,20],"ix":2}},{"ty":"fl","bm":0,"hd":false,"mn":"ADBE Vector Graphic - Fill","nm":"Fill 1","c":{"a":0,"k":[0.902,0.1608,0.1608],"ix":4},"r":1,"o":{"a":0,"k":100,"ix":5}},{"ty":"tr","a":{"a":0,"k":[0,0],"ix":1},"s":{"a":0,"k":[100,100],"ix":3},"sk":{"a":0,"k":0,"ix":4},"p":{"a":0,"k":[0,0],"ix":2},"r":{"a":0,"k":0,"ix":6},"sa":{"a":0,"k":0,"ix":5},"o":{"a":0,"k":100,"ix":7}}]}],"ind":3},{"ty":4,"nm":"leg_01","sr":1,"st":0,"op":18,"ip":0,"hd":false,"ddd":0,"bm":0,"hasMask":false,"ao":0,"ks":{"a":{"a":0,"k":[15,0,0],"ix":1},"s":{"a":0,"k":[100,100,100],"ix":6},"sk":{"a":0,"k":0},"p":{"a":1,"k":[{"o":{"x":0.167,"y":0.167},"i":{"x":0.833,"y":0.833},"s":[95,99,0],"t":0,"ti":[-2.01541113853455,2.95012760162354,0],"to":[1.5,-3.5625,0]},{"o":{"x":0.167,"y":0.167},"i":{"x":0.833,"y":0.833},"s":[104,77.625,0],"t":2,"ti":[-0.50761449337006,-1.47197067737579,0],"to":[1.26212346553802,-1.84747672080994,0]},{"o":{"x":0.167,"y":0.167},"i":{"x":0.833,"y":0.833},"s":[103.542,77.41,0],"t":3,"ti":[0.12216770648956,-1.66527032852173,0],"to":[0.30296543240547,0.87853330373764,0]},{"o":{"x":0.167,"y":0.167},"i":{"x":0.833,"y":0.833},"s":[107.092,81.299,0],"t":4,"ti":[3.81579279899597,-2.45467162132263,0],"to":[-0.41332426667213,5.63403081893921,0]},{"o":{"x":0.167,"y":0.167},"i":{"x":0.833,"y":0.833},"s":[98,102.25,0],"t":6,"ti":[4.56048583984375,-0.95411992073059,0],"to":[-4.28030681610107,2.75348997116089,0]},{"o":{"x":0.167,"y":0.167},"i":{"x":0.833,"y":0.833},"s":[80.024,103.205,0],"t":8,"ti":[4.68262815475464,0.2211649864912,0],"to":[-5.48095369338989,1.14669513702393,0]},{"o":{"x":0.167,"y":0.167},"i":{"x":0.833,"y":0.833},"s":[71.029,107.349,0],"t":10,"ti":[2.17941308021545,-0.10897064954042,0],"to":[-5.11693572998047,-0.24167776107788,0]},{"o":{"x":0.167,"y":0.167},"i":{"x":0.833,"y":0.833},"s":[63,104,0],"t":12,"ti":[0,0,0],"to":[0,0,0]},{"o":{"x":0.167,"y":0.167},"i":{"x":0.833,"y":0.833},"s":[63,104,0],"t":14,"ti":[-5.65299606323242,0.14903968572617,0],"to":[2.13776111602783,0.82852268218994,0]},{"o":{"x":0.167,"y":0.167},"i":{"x":0.833,"y":0.833},"s":[75.827,108.971,0],"t":16,"ti":[-1.74154245853424,4.24347686767578,0],"to":[8.09090042114258,-0.21331436932087,0]},{"s":[95,99,0],"t":18}],"ix":2},"r":{"a":1,"k":[{"o":{"x":0.167,"y":0.167},"i":{"x":0.833,"y":0.833},"s":[0],"t":0},{"o":{"x":0.167,"y":0.167},"i":{"x":0.833,"y":0.833},"s":[-69],"t":2},{"o":{"x":0.167,"y":0.167},"i":{"x":0.833,"y":0.833},"s":[-70.2],"t":3},{"o":{"x":0.167,"y":0.167},"i":{"x":0.833,"y":0.833},"s":[-103.4],"t":4},{"o":{"x":0.167,"y":0.167},"i":{"x":0.833,"y":0.833},"s":[-110],"t":6},{"o":{"x":0.167,"y":0.167},"i":{"x":0.833,"y":0.833},"s":[-93.4],"t":8},{"o":{"x":0.167,"y":0.167},"i":{"x":0.833,"y":0.833},"s":[-51],"t":10},{"o":{"x":0.167,"y":0.167},"i":{"x":0.833,"y":0.833},"s":[-38],"t":12},{"o":{"x":0.167,"y":0.167},"i":{"x":0.833,"y":0.833},"s":[-7],"t":14},{"o":{"x":0.167,"y":0.167},"i":{"x":0.833,"y":0.833},"s":[21.8],"t":16},{"s":[0],"t":18}],"ix":10},"sa":{"a":0,"k":0},"o":{"a":0,"k":100,"ix":11}},"ef":[],"shapes":[{"ty":"gr","bm":0,"hd":false,"mn":"ADBE Vector Group","nm":"Rectangle 1","ix":1,"cix":2,"np":2,"it":[{"ty":"rc","bm":0,"hd":false,"mn":"ADBE Vector Shape - Rect","nm":"Rectangle Path 1","d":1,"p":{"a":0,"k":[0,0],"ix":3},"r":{"a":0,"k":165,"ix":4},"s":{"a":0,"k":[40,10],"ix":2}},{"ty":"fl","bm":0,"hd":false,"mn":"ADBE Vector Graphic - Fill","nm":"Fill 1","c":{"a":0,"k":[0.851,0.0549,0.0549],"ix":4},"r":1,"o":{"a":0,"k":100,"ix":5}},{"ty":"tr","a":{"a":0,"k":[0,0],"ix":1},"s":{"a":0,"k":[100,100],"ix":3},"sk":{"a":0,"k":0,"ix":4},"p":{"a":0,"k":[0,0],"ix":2},"r":{"a":0,"k":0,"ix":6},"sa":{"a":0,"k":0,"ix":5},"o":{"a":0,"k":100,"ix":7}}]}],"ind":4},{"ty":4,"nm":"leg_00","sr":1,"st":0,"op":18,"ip":0,"hd":false,"ddd":0,"bm":0,"hasMask":false,"ao":0,"ks":{"a":{"a":0,"k":[15,0,0],"ix":1},"s":{"a":0,"k":[100,100,100],"ix":6},"sk":{"a":0,"k":0},"p":{"a":1,"k":[{"o":{"x":0.167,"y":0.167},"i":{"x":0.833,"y":0.833},"s":[72,79.75,0],"t":0,"ti":[0.08333333581686,0.625,0],"to":[-0.02778193540871,-0.20836451649666,0]},{"o":{"x":0.167,"y":0.167},"i":{"x":0.833,"y":0.833},"s":[72,79.75,0],"t":2,"ti":[-1.13135039806366,-0.12386804819107,0],"to":[-0.01527037844062,-0.11452784389257,0]},{"o":{"x":0.167,"y":0.167},"i":{"x":0.833,"y":0.833},"s":[74.226,80.821,0],"t":3,"ti":[-0.34774753451347,-0.12332034856081,0],"to":[0.92695504426956,0.10148943215609,0]},{"o":{"x":0.167,"y":0.167},"i":{"x":0.833,"y":0.833},"s":[76.442,80.189,0],"t":4,"ti":[0.04205689206719,0.31542670726776,0],"to":[1.01386785507202,0.35954397916794,0]},{"o":{"x":0.167,"y":0.167},"i":{"x":0.833,"y":0.833},"s":[75.583,80.625,0],"t":6,"ti":[0.07408793270588,0.55565947294235,0],"to":[-0.08592949807644,-0.64447122812271,0]},{"o":{"x":0.167,"y":0.167},"i":{"x":0.833,"y":0.833},"s":[75.583,80.625,0],"t":8,"ti":[1.12719011306763,1.10659039020538,0],"to":[-0.08592949807644,-0.64447122812271,0]},{"o":{"x":0.167,"y":0.167},"i":{"x":0.833,"y":0.833},"s":[71.76,77.421,0],"t":10,"ti":[0,0,0],"to":[-0.81608754396439,-0.80117332935333,0]},{"o":{"x":0.167,"y":0.167},"i":{"x":0.833,"y":0.833},"s":[71.5,76,0],"t":12,"ti":[-0.09228345006704,-0.69212591648102,0],"to":[0,0,0]},{"o":{"x":0.167,"y":0.167},"i":{"x":0.833,"y":0.833},"s":[73.917,76.001,0],"t":14,"ti":[-0.09228345006704,-0.69212591648102,0],"to":[0.125981092453,0.94485825300217,0]},{"o":{"x":0.167,"y":0.167},"i":{"x":0.833,"y":0.833},"s":[74.042,78.501,0],"t":16,"ti":[-0.04809954017401,-0.36074656248093,0],"to":[0.125981092453,0.94485825300217,0]},{"s":[72,79.75,0],"t":18}],"ix":2},"r":{"a":1,"k":[{"o":{"x":0.167,"y":0.167},"i":{"x":0.833,"y":0.833},"s":[-140],"t":0},{"o":{"x":0.167,"y":0.167},"i":{"x":0.833,"y":0.833},"s":[-184],"t":2},{"o":{"x":0.167,"y":0.167},"i":{"x":0.833,"y":0.833},"s":[-187.967],"t":3},{"o":{"x":0.167,"y":0.167},"i":{"x":0.833,"y":0.833},"s":[-177.933],"t":4},{"o":{"x":0.167,"y":0.167},"i":{"x":0.833,"y":0.833},"s":[-136.333],"t":6},{"o":{"x":0.167,"y":0.167},"i":{"x":0.833,"y":0.833},"s":[-102.311],"t":8},{"o":{"x":0.167,"y":0.167},"i":{"x":0.833,"y":0.833},"s":[-88.778],"t":10},{"o":{"x":0.167,"y":0.167},"i":{"x":0.833,"y":0.833},"s":[-73],"t":12},{"o":{"x":0.167,"y":0.167},"i":{"x":0.833,"y":0.833},"s":[-69],"t":14},{"o":{"x":0.167,"y":0.167},"i":{"x":0.833,"y":0.833},"s":[-93.4],"t":16},{"s":[-140],"t":18}],"ix":10},"sa":{"a":0,"k":0},"o":{"a":0,"k":100,"ix":11}},"ef":[],"shapes":[{"ty":"gr","bm":0,"hd":false,"mn":"ADBE Vector Group","nm":"Rectangle 1","ix":1,"cix":2,"np":2,"it":[{"ty":"rc","bm":0,"hd":false,"mn":"ADBE Vector Shape - Rect","nm":"Rectangle Path 1","d":1,"p":{"a":0,"k":[0,0],"ix":3},"r":{"a":0,"k":165,"ix":4},"s":{"a":0,"k":[40,10],"ix":2}},{"ty":"fl","bm":0,"hd":false,"mn":"ADBE Vector Graphic - Fill","nm":"Fill 1","c":{"a":0,"k":[0.851,0.0549,0.0549],"ix":4},"r":1,"o":{"a":0,"k":100,"ix":5}},{"ty":"tr","a":{"a":0,"k":[0,0],"ix":1},"s":{"a":0,"k":[100,100],"ix":3},"sk":{"a":0,"k":0,"ix":4},"p":{"a":0,"k":[0,0],"ix":2},"r":{"a":0,"k":0,"ix":6},"sa":{"a":0,"k":0,"ix":5},"o":{"a":0,"k":100,"ix":7}}]}],"ind":5},{"ty":4,"nm":"head","sr":1,"st":0,"op":18,"ip":0,"hd":false,"ddd":0,"bm":0,"hasMask":false,"ao":0,"ks":{"a":{"a":0,"k":[0,0,0],"ix":1},"s":{"a":0,"k":[100,100,100],"ix":6},"sk":{"a":0,"k":0},"p":{"a":1,"k":[{"o":{"x":0.167,"y":0.167},"i":{"x":0.833,"y":0.833},"s":[90,28,0],"t":0,"ti":[0,-0.16666667163372,0],"to":[0,-0.16666667163372,0]},{"o":{"x":0.167,"y":0.167},"i":{"x":0.833,"y":0.833},"s":[90,27,0],"t":4,"ti":[0,0,0],"to":[0,0.16666667163372,0]},{"o":{"x":0.167,"y":0.167},"i":{"x":0.833,"y":0.833},"s":[90,29,0],"t":8,"ti":[0,0.16666667163372,0],"to":[0,0,0]},{"o":{"x":0.167,"y":0.167},"i":{"x":0.833,"y":0.833},"s":[90,27,0],"t":13,"ti":[0,-0.16666667163372,0],"to":[0,-0.16666667163372,0]},{"s":[90,28,0],"t":18}],"ix":2},"r":{"a":0,"k":0,"ix":10},"sa":{"a":0,"k":0},"o":{"a":0,"k":100,"ix":11}},"ef":[],"shapes":[{"ty":"gr","bm":0,"hd":false,"mn":"ADBE Vector Group","nm":"Rectangle 1","ix":1,"cix":2,"np":2,"it":[{"ty":"rc","bm":0,"hd":false,"mn":"ADBE Vector Shape - Rect","nm":"Rectangle Path 1","d":1,"p":{"a":0,"k":[0,0],"ix":3},"r":{"a":0,"k":322,"ix":4},"s":{"a":0,"k":[20,20],"ix":2}},{"ty":"fl","bm":0,"hd":false,"mn":"ADBE Vector Graphic - Fill","nm":"Fill 1","c":{"a":0,"k":[0.851,0.0549,0.0549],"ix":4},"r":1,"o":{"a":0,"k":100,"ix":5}},{"ty":"tr","a":{"a":0,"k":[0,0],"ix":1},"s":{"a":0,"k":[100,100],"ix":3},"sk":{"a":0,"k":0,"ix":4},"p":{"a":0,"k":[0,0],"ix":2},"r":{"a":0,"k":0,"ix":6},"sa":{"a":0,"k":0,"ix":5},"o":{"a":0,"k":100,"ix":7}}]}],"ind":6}]},{"nm":"","id":"comp_2","layers":[{"ty":4,"nm":"arm_03","sr":1,"st":-8,"op":18,"ip":0,"hd":false,"ddd":0,"bm":0,"hasMask":false,"ao":0,"ks":{"a":{"a":0,"k":[12,0,0],"ix":1},"s":{"a":0,"k":[100,100,100],"ix":6},"sk":{"a":0,"k":0},"p":{"a":1,"k":[{"o":{"x":0.167,"y":0.167},"i":{"x":0.833,"y":0.833},"s":[80.75,49.5,0],"t":0,"ti":[-1.5,0.08333333581686,0],"to":[1.5,-0.08333333581686,0]},{"o":{"x":0.167,"y":0.167},"i":{"x":0.833,"y":0.833},"s":[89.75,49,0],"t":2,"ti":[0,0,0],"to":[0,0,0]},{"o":{"x":0.167,"y":0.167},"i":{"x":0.833,"y":0.833},"s":[89.75,49,0],"t":4,"ti":[0.04166666790843,0.125,0],"to":[-0.04166666790843,-0.33333334326744,0]},{"o":{"x":0.167,"y":0.167},"i":{"x":0.833,"y":0.833},"s":[89.5,47,0],"t":6,"ti":[1.75,0,0],"to":[-0.04166666790843,-0.125,0]},{"o":{"x":0.167,"y":0.167},"i":{"x":0.833,"y":0.833},"s":[89.5,48.25,0],"t":8,"ti":[1.25,0.41666665673256,0],"to":[-1.75,0,0]},{"o":{"x":0.167,"y":0.167},"i":{"x":0.833,"y":0.833},"s":[79,47,0],"t":10,"ti":[-0.5,0.20833332836628,0],"to":[-1.25,-0.41666665673256,0]},{"o":{"x":0.167,"y":0.167},"i":{"x":0.833,"y":0.833},"s":[82,45.75,0],"t":12,"ti":[0,0,0],"to":[0,0,0]},{"o":{"x":0.167,"y":0.167},"i":{"x":0.833,"y":0.833},"s":[82,45.75,0],"t":14,"ti":[0.20833332836628,-0.625,0],"to":[0,-0.20833332836628,0]},{"o":{"x":0.167,"y":0.167},"i":{"x":0.833,"y":0.833},"s":[82,44.5,0],"t":16,"ti":[0.20833332836628,-0.83333331346512,0],"to":[-0.20833332836628,0.625,0]},{"s":[80.75,49.5,0],"t":18}],"ix":2},"r":{"a":1,"k":[{"o":{"x":0.167,"y":0.167},"i":{"x":0.833,"y":0.833},"s":[-69],"t":0},{"o":{"x":0.167,"y":0.167},"i":{"x":0.833,"y":0.833},"s":[-95],"t":2},{"o":{"x":0.167,"y":0.167},"i":{"x":0.833,"y":0.833},"s":[-137],"t":4},{"o":{"x":0.167,"y":0.167},"i":{"x":0.833,"y":0.833},"s":[-145],"t":6},{"o":{"x":0.167,"y":0.167},"i":{"x":0.833,"y":0.833},"s":[-105],"t":8},{"o":{"x":0.167,"y":0.167},"i":{"x":0.833,"y":0.833},"s":[-58],"t":10},{"o":{"x":0.167,"y":0.167},"i":{"x":0.833,"y":0.833},"s":[-15],"t":12},{"o":{"x":0.167,"y":0.167},"i":{"x":0.833,"y":0.833},"s":[0],"t":14},{"o":{"x":0.167,"y":0.167},"i":{"x":0.833,"y":0.833},"s":[-31],"t":16},{"s":[-69],"t":18}],"ix":10},"sa":{"a":0,"k":0},"o":{"a":0,"k":100,"ix":11}},"ef":[],"shapes":[{"ty":"gr","bm":0,"hd":false,"mn":"ADBE Vector Group","nm":"Rectangle 1","ix":1,"cix":2,"np":2,"it":[{"ty":"rc","bm":0,"hd":false,"mn":"ADBE Vector Shape - Rect","nm":"Rectangle Path 1","d":1,"p":{"a":0,"k":[0,0],"ix":3},"r":{"a":0,"k":165,"ix":4},"s":{"a":0,"k":[32,8],"ix":2}},{"ty":"fl","bm":0,"hd":false,"mn":"ADBE Vector Graphic - Fill","nm":"Fill 1","c":{"a":0,"k":[0.851,0.0549,0.0549],"ix":4},"r":1,"o":{"a":0,"k":100,"ix":5}},{"ty":"tr","a":{"a":0,"k":[0,0],"ix":1},"s":{"a":0,"k":[100,100],"ix":3},"sk":{"a":0,"k":0,"ix":4},"p":{"a":0,"k":[0,0],"ix":2},"r":{"a":0,"k":0,"ix":6},"sa":{"a":0,"k":0,"ix":5},"o":{"a":0,"k":100,"ix":7}}]}],"ind":1},{"ty":4,"nm":"arm_02","sr":1,"st":-8,"op":18,"ip":0,"hd":false,"ddd":0,"bm":0,"hasMask":false,"ao":0,"ks":{"a":{"a":0,"k":[10,0,0],"ix":1},"s":{"a":0,"k":[100,100,100],"ix":6},"sk":{"a":0,"k":0},"p":{"a":1,"k":[{"o":{"x":0.167,"y":0.167},"i":{"x":0.833,"y":0.833},"s":[72,71.5,0],"t":0,"ti":[-5.875,1,0],"to":[3.29166674613953,0.25,0]},{"o":{"x":0.167,"y":0.167},"i":{"x":0.833,"y":0.833},"s":[91.75,73,0],"t":2,"ti":[-2.875,2.08333325386047,0],"to":[5.875,-1,0]},{"o":{"x":0.167,"y":0.167},"i":{"x":0.833,"y":0.833},"s":[107.25,65.5,0],"t":4,"ti":[1.83333337306976,-1,0],"to":[2.875,-2.08333325386047,0]},{"o":{"x":0.167,"y":0.167},"i":{"x":0.833,"y":0.833},"s":[109,60.5,0],"t":6,"ti":[7.08333349227905,-1.29166662693024,0],"to":[-1.83333337306976,1,0]},{"o":{"x":0.167,"y":0.167},"i":{"x":0.833,"y":0.833},"s":[96.25,71.5,0],"t":8,"ti":[6.41666650772095,3.16666674613953,0],"to":[-7.08333349227905,1.29166662693024,0]},{"o":{"x":0.167,"y":0.167},"i":{"x":0.833,"y":0.833},"s":[66.5,68.25,0],"t":10,"ti":[1.45833337306976,3.66666674613953,0],"to":[-6.41666650772095,-3.16666674613953,0]},{"o":{"x":0.167,"y":0.167},"i":{"x":0.833,"y":0.833},"s":[57.75,52.5,0],"t":12,"ti":[-0.625,-0.79166668653488,0],"to":[-1.45833337306976,-3.66666674613953,0]},{"o":{"x":0.167,"y":0.167},"i":{"x":0.833,"y":0.833},"s":[57.75,46.25,0],"t":14,"ti":[-2.375,-4.20833349227905,0],"to":[0.625,0.79166668653488,0]},{"o":{"x":0.167,"y":0.167},"i":{"x":0.833,"y":0.833},"s":[61.5,57.25,0],"t":16,"ti":[-1.75,-2.375,0],"to":[2.375,4.20833349227905,0]},{"s":[72,71.5,0],"t":18}],"ix":2},"r":{"a":1,"k":[{"o":{"x":0.167,"y":0.167},"i":{"x":0.833,"y":0.833},"s":[-153],"t":0},{"o":{"x":0.167,"y":0.167},"i":{"x":0.833,"y":0.833},"s":[-191],"t":2},{"o":{"x":0.167,"y":0.167},"i":{"x":0.833,"y":0.833},"s":[-216],"t":4},{"o":{"x":0.167,"y":0.167},"i":{"x":0.833,"y":0.833},"s":[-229],"t":6},{"o":{"x":0.167,"y":0.167},"i":{"x":0.833,"y":0.833},"s":[-223],"t":8},{"o":{"x":0.167,"y":0.167},"i":{"x":0.833,"y":0.833},"s":[-148],"t":10},{"o":{"x":0.167,"y":0.167},"i":{"x":0.833,"y":0.833},"s":[-71],"t":12},{"o":{"x":0.167,"y":0.167},"i":{"x":0.833,"y":0.833},"s":[-86],"t":14},{"o":{"x":0.167,"y":0.167},"i":{"x":0.833,"y":0.833},"s":[-121],"t":16},{"s":[-153],"t":18}],"ix":10},"sa":{"a":0,"k":0},"o":{"a":0,"k":100,"ix":11}},"ef":[],"shapes":[{"ty":"gr","bm":0,"hd":false,"mn":"ADBE Vector Group","nm":"Rectangle 1","ix":1,"cix":2,"np":2,"it":[{"ty":"rc","bm":0,"hd":false,"mn":"ADBE Vector Shape - Rect","nm":"Rectangle Path 1","d":1,"p":{"a":0,"k":[0,0],"ix":3},"r":{"a":0,"k":165,"ix":4},"s":{"a":0,"k":[28,8],"ix":2}},{"ty":"fl","bm":0,"hd":false,"mn":"ADBE Vector Graphic - Fill","nm":"Fill 1","c":{"a":0,"k":[0.851,0.0549,0.0549],"ix":4},"r":1,"o":{"a":0,"k":100,"ix":5}},{"ty":"tr","a":{"a":0,"k":[0,0],"ix":1},"s":{"a":0,"k":[100,100],"ix":3},"sk":{"a":0,"k":0,"ix":4},"p":{"a":0,"k":[0,0],"ix":2},"r":{"a":0,"k":0,"ix":6},"sa":{"a":0,"k":0,"ix":5},"o":{"a":0,"k":100,"ix":7}}]}],"ind":2},{"ty":4,"nm":"leg_03","sr":1,"st":-8,"op":18,"ip":0,"hd":false,"ddd":0,"bm":0,"hasMask":false,"ao":0,"ks":{"a":{"a":0,"k":[15,0,0],"ix":1},"s":{"a":0,"k":[100,100,100],"ix":6},"sk":{"a":0,"k":0},"p":{"a":1,"k":[{"o":{"x":0.167,"y":0.167},"i":{"x":0.833,"y":0.833},"s":[80.024,103.205,0],"t":0,"ti":[4.68262815475464,0.2211649864912,0],"to":[-5.48095369338989,1.14669513702393,0]},{"o":{"x":0.167,"y":0.167},"i":{"x":0.833,"y":0.833},"s":[71.029,107.349,0],"t":2,"ti":[2.17941308021545,-0.10897064954042,0],"to":[-5.11693572998047,-0.24167776107788,0]},{"o":{"x":0.167,"y":0.167},"i":{"x":0.833,"y":0.833},"s":[63,104,0],"t":4,"ti":[-2.13776111602783,-0.82852268218994,0],"to":[0,0,0]},{"o":{"x":0.167,"y":0.167},"i":{"x":0.833,"y":0.833},"s":[62.5,104,0],"t":6,"ti":[-5.65299606323242,0.14903968572617,0],"to":[2.13776111602783,0.82852268218994,0]},{"o":{"x":0.167,"y":0.167},"i":{"x":0.833,"y":0.833},"s":[75.827,108.971,0],"t":8,"ti":[-4.69557237625122,5.22435617446899,0],"to":[8.09090042114258,-0.21331436932087,0]},{"o":{"x":0.167,"y":0.167},"i":{"x":0.833,"y":0.833},"s":[95,99,0],"t":10,"ti":[-2.01541113853455,2.95012760162354,0],"to":[4.69557237625122,-5.22435617446899,0]},{"o":{"x":0.167,"y":0.167},"i":{"x":0.833,"y":0.833},"s":[104,77.625,0],"t":12,"ti":[-0.50761449337006,-1.47197067737579,0],"to":[1.26212346553802,-1.84747672080994,0]},{"o":{"x":0.167,"y":0.167},"i":{"x":0.833,"y":0.833},"s":[103.542,77.41,0],"t":13,"ti":[0.12216770648956,-1.66527032852173,0],"to":[0.30296543240547,0.87853330373764,0]},{"o":{"x":0.167,"y":0.167},"i":{"x":0.833,"y":0.833},"s":[107.092,81.299,0],"t":14,"ti":[3.81579279899597,-2.45467162132263,0],"to":[-0.41332426667213,5.63403081893921,0]},{"o":{"x":0.167,"y":0.167},"i":{"x":0.833,"y":0.833},"s":[98,102.25,0],"t":16,"ti":[4.56048583984375,-0.95411992073059,0],"to":[-4.28030681610107,2.75348997116089,0]},{"s":[80.024,103.205,0],"t":18}],"ix":2},"r":{"a":1,"k":[{"o":{"x":0.167,"y":0.167},"i":{"x":0.833,"y":0.833},"s":[-93.4],"t":0},{"o":{"x":0.167,"y":0.167},"i":{"x":0.833,"y":0.833},"s":[-51],"t":2},{"o":{"x":0.167,"y":0.167},"i":{"x":0.833,"y":0.833},"s":[-38],"t":4},{"o":{"x":0.167,"y":0.167},"i":{"x":0.833,"y":0.833},"s":[-7],"t":6},{"o":{"x":0.167,"y":0.167},"i":{"x":0.833,"y":0.833},"s":[21.8],"t":8},{"o":{"x":0.167,"y":0.167},"i":{"x":0.833,"y":0.833},"s":[0],"t":10},{"o":{"x":0.167,"y":0.167},"i":{"x":0.833,"y":0.833},"s":[-69],"t":12},{"o":{"x":0.167,"y":0.167},"i":{"x":0.833,"y":0.833},"s":[-70.2],"t":13},{"o":{"x":0.167,"y":0.167},"i":{"x":0.833,"y":0.833},"s":[-103.4],"t":14},{"o":{"x":0.167,"y":0.167},"i":{"x":0.833,"y":0.833},"s":[-110],"t":16},{"s":[-93.4],"t":18}],"ix":10},"sa":{"a":0,"k":0},"o":{"a":0,"k":100,"ix":11}},"ef":[],"shapes":[{"ty":"gr","bm":0,"hd":false,"mn":"ADBE Vector Group","nm":"Rectangle 1","ix":1,"cix":2,"np":2,"it":[{"ty":"rc","bm":0,"hd":false,"mn":"ADBE Vector Shape - Rect","nm":"Rectangle Path 1","d":1,"p":{"a":0,"k":[0,0],"ix":3},"r":{"a":0,"k":165,"ix":4},"s":{"a":0,"k":[40,10],"ix":2}},{"ty":"fl","bm":0,"hd":false,"mn":"ADBE Vector Graphic - Fill","nm":"Fill 1","c":{"a":0,"k":[0.851,0.0549,0.0549],"ix":4},"r":1,"o":{"a":0,"k":100,"ix":5}},{"ty":"tr","a":{"a":0,"k":[0,0],"ix":1},"s":{"a":0,"k":[100,100],"ix":3},"sk":{"a":0,"k":0,"ix":4},"p":{"a":0,"k":[0,0],"ix":2},"r":{"a":0,"k":0,"ix":6},"sa":{"a":0,"k":0,"ix":5},"o":{"a":0,"k":100,"ix":7}}]}],"ind":3},{"ty":4,"nm":"leg_02","sr":1,"st":-8,"op":18,"ip":0,"hd":false,"ddd":0,"bm":0,"hasMask":false,"ao":0,"ks":{"a":{"a":0,"k":[15,0,0],"ix":1},"s":{"a":0,"k":[100,100,100],"ix":6},"sk":{"a":0,"k":0},"p":{"a":1,"k":[{"o":{"x":0.167,"y":0.167},"i":{"x":0.833,"y":0.833},"s":[75.583,80.625,0],"t":0,"ti":[1.12719011306763,1.10659039020538,0],"to":[-0.08592949807644,-0.64447122812271,0]},{"o":{"x":0.167,"y":0.167},"i":{"x":0.833,"y":0.833},"s":[71.76,77.421,0],"t":2,"ti":[0,0,0],"to":[-0.81608754396439,-0.80117332935333,0]},{"o":{"x":0.167,"y":0.167},"i":{"x":0.833,"y":0.833},"s":[72.75,75,0],"t":4,"ti":[-0.09228345006704,-0.69212591648102,0],"to":[0,0,0]},{"o":{"x":0.167,"y":0.167},"i":{"x":0.833,"y":0.833},"s":[72.917,76.001,0],"t":6,"ti":[-0.09228345006704,-0.69212591648102,0],"to":[0.125981092453,0.94485825300217,0]},{"o":{"x":0.167,"y":0.167},"i":{"x":0.833,"y":0.833},"s":[74.042,78.501,0],"t":8,"ti":[0.08333333581686,0.625,0],"to":[0.125981092453,0.94485825300217,0]},{"o":{"x":0.167,"y":0.167},"i":{"x":0.833,"y":0.833},"s":[72,79.75,0],"t":10,"ti":[0.08333333581686,0.625,0],"to":[-0.02778193540871,-0.20836451649666,0]},{"o":{"x":0.167,"y":0.167},"i":{"x":0.833,"y":0.833},"s":[75.5,83.125,0],"t":12,"ti":[-1.13135039806366,-0.12386804819107,0],"to":[-0.01527037844062,-0.11452784389257,0]},{"o":{"x":0.167,"y":0.167},"i":{"x":0.833,"y":0.833},"s":[74.226,80.821,0],"t":13,"ti":[-0.34774753451347,-0.12332034856081,0],"to":[0.92695504426956,0.10148943215609,0]},{"o":{"x":0.167,"y":0.167},"i":{"x":0.833,"y":0.833},"s":[76.442,83.064,0],"t":14,"ti":[0.04205689206719,0.31542670726776,0],"to":[1.01386785507202,0.35954397916794,0]},{"o":{"x":0.167,"y":0.167},"i":{"x":0.833,"y":0.833},"s":[75.583,80.625,0],"t":16,"ti":[0.07408793270588,0.55565947294235,0],"to":[-0.08592949807644,-0.64447122812271,0]},{"s":[75.583,80.625,0],"t":18}],"ix":2},"r":{"a":1,"k":[{"o":{"x":0.167,"y":0.167},"i":{"x":0.833,"y":0.833},"s":[-102.311],"t":0},{"o":{"x":0.167,"y":0.167},"i":{"x":0.833,"y":0.833},"s":[-88.778],"t":2},{"o":{"x":0.167,"y":0.167},"i":{"x":0.833,"y":0.833},"s":[-71],"t":4},{"o":{"x":0.167,"y":0.167},"i":{"x":0.833,"y":0.833},"s":[-69],"t":6},{"o":{"x":0.167,"y":0.167},"i":{"x":0.833,"y":0.833},"s":[-93.4],"t":8},{"o":{"x":0.167,"y":0.167},"i":{"x":0.833,"y":0.833},"s":[-140],"t":10},{"o":{"x":0.167,"y":0.167},"i":{"x":0.833,"y":0.833},"s":[-192],"t":12},{"o":{"x":0.167,"y":0.167},"i":{"x":0.833,"y":0.833},"s":[-187.967],"t":13},{"o":{"x":0.167,"y":0.167},"i":{"x":0.833,"y":0.833},"s":[-183.933],"t":14},{"o":{"x":0.167,"y":0.167},"i":{"x":0.833,"y":0.833},"s":[-136.333],"t":16},{"s":[-102.311],"t":18}],"ix":10},"sa":{"a":0,"k":0},"o":{"a":0,"k":100,"ix":11}},"ef":[],"shapes":[{"ty":"gr","bm":0,"hd":false,"mn":"ADBE Vector Group","nm":"Rectangle 1","ix":1,"cix":2,"np":2,"it":[{"ty":"rc","bm":0,"hd":false,"mn":"ADBE Vector Shape - Rect","nm":"Rectangle Path 1","d":1,"p":{"a":0,"k":[0,0],"ix":3},"r":{"a":0,"k":165,"ix":4},"s":{"a":0,"k":[40,10],"ix":2}},{"ty":"fl","bm":0,"hd":false,"mn":"ADBE Vector Graphic - Fill","nm":"Fill 1","c":{"a":0,"k":[0.851,0.0549,0.0549],"ix":4},"r":1,"o":{"a":0,"k":100,"ix":5}},{"ty":"tr","a":{"a":0,"k":[0,0],"ix":1},"s":{"a":0,"k":[100,100],"ix":3},"sk":{"a":0,"k":0,"ix":4},"p":{"a":0,"k":[0,0],"ix":2},"r":{"a":0,"k":0,"ix":6},"sa":{"a":0,"k":0,"ix":5},"o":{"a":0,"k":100,"ix":7}}]}],"ind":4}]}]}